{
  "connectorName": "dataMapperConnector",
  "operationName": "iso8583To20022",
  "title": "CSV to Json",
  "help": "<h1>CSV to JSON</h1> <b>Convert a CSV payload to JSON</b>",
  "elements": [
    {
      "type": "attributeGroup",
      "value": {
        "groupName": "General",
        "elements": [
          {
            "type": "attribute",
            "value": {
              "name": "description",
              "displayName": "Description",
              "inputType": "string",
              "defaultValue": "Ballerina Connector",
              "required": "false",
              "helpTip": "Component description"
            }
          },
          {
            "type": "attributeGroup",
            "value": {
              "groupName": "Variables",
              "elements": [
                {
                  "type": "attribute",
                  "value": {
                    "name": "Result",
                    "displayName": "Result",
                    "inputType": "string",
                    "defaultValue": "",
                    "required": "false",
                    "helpTip": "Component description"
                  }
                }
                ,{
                  "type": "attribute",
                  "value": {
                    "name": "isoJsonInput",
                    "displayName": "isoJsonInput",
                    "inputType": "string",
                    "defaultValue": "",
                    "required": "false",
                    "helpTip": "Parameter Value (OMElement)"
                  }
                }
                ]
            }
          }
        ]
      }
    }
  ]
}
