<?xml version="1.0" encoding="UTF-8"?>
<!--
  ~Copyright (c) 2024, WSO2 LLC. (https://www.wso2.com).
  ~~WSO2 LLC. licenses this file to you under the Apache License,
  ~Version 2.0 (the "License"); you may not use this file except
  ~in compliance with the License.
  ~You may obtain a copy of the License at
  ~~http://www.apache.org/licenses/LICENSE-2.0
  ~~Unless required by applicable law or agreed to in writing,
  ~software distributed under the License is distributed on an
  ~"AS IS" BASIS, WITHOUT WARRANTIES OR CONDITIONS OF ANY
  ~KIND, either express or implied.  See the License for the
  ~specific language governing permissions and limitations
  ~under the License.
  -->
<template xmlns="http://ws.apache.org/ns/synapse" name="iso8583To20022">
    <parameter name="Result" description="Component description"/>
    <parameter name="isoJsonInput" description="Component description"/>
    <sequence>
        <property name="paramSize" value="1"/>
        <property name="paramFunctionName" value="iso8583To20022"/>
        <property name="param0" value="isoJsonInput"/>
        <property name="paramType0" value="string"/>
        <property name="returnType" value="xml"/>
        <class name="io.ballerina.stdlib.mi.Mediator"/>
    </sequence>
</template>
